PLAYERNAME,ESPNID
David Aardsma,5933
Fernando Abad,30417
Cory Abbott,41328
CJ Abrams,42402
Albert Abreu,36041
Bobby Abreu,3537
Bryan Abreu,41208
Jose Abreu,33095
Tony Abreu,28777
Jeremy Accardo,6262
Alfredo Aceves,29223
Domingo Acevedo,35010
Dustin Ackley,30372
Ronald Acuna,36185
Cristhian Adames,31659
Willy Adames,33675
Austin Adams,31660
Chance Adams,36160
David Adams,30679
Lane Adams,32911
Matt Adams,31359
Mike Adams,5969
Riley Adams,
Spencer Adams,33779
Jim Adduci,30019
Jo Adell,40854
Tim Adleman,33962
Ehire Adrianza,30471
Jeremy Affeldt,5061
Dario Agrazal,39813
Jesus Aguilar,32132
Nick Ahmed,32355
Brady Aiken,34953
Shogo Akiyama,42390
Keegan Akin,36724
Andrew Albers,32754
Hanser Alberto,32839
Matt Albers,28525
Ozzie Albies,33783
Al Alburquerque,30494
Jorge Alcala,41031
Arismendy Alcantara,32823
Sandy Alcantara,35241
Sergio Alcantara,
Victor Alcantara,33784
Scott Alexander,33123
Tyler Alexander,40360
A.J. Alexy,
Jorge Alfaro,31737
Anthony Alford,32812
Kolby Allard,34980
Austin Allen,39870
Cody Allen,32188
Greg Allen,34187
Logan Allen,35024
Abraham Almonte,31474
Yency Almonte,36064
Zoilo Almonte,31469
Albert Almora,32686
Pete Alonso,37498
Yonder Alonso,30016
Dan Altavilla,35222
Aaron Altherr,31738
Jose Altuve,31662
Henderson Alvarez,31047
Jose Alvarez,32099
Jose Alvarado,36063
Pedro Alvarez,29962
Yadier Alvarez,34960
Yordan Alvarez,36018
Adbert Alzolay,39802
Alexi Amarista,30562
Hector Ambriz,29795
Brett Anderson,30041
Bryan Anderson,29697
Brian Anderson,33776
Chase Anderson,32690
Cody Anderson,33183
Drew Anderson,
Ian Anderson,40916
Justin Anderson,37611
Lars Anderson,29299
Nick Anderson,38102
Shaun Anderson,39681
Tim Anderson,33184
Tyler Anderson,32151
Robert Andino,6414
John Andreoli,32847
Matt Andriese,32549
Elvis Andrus,29515
Miguel Andujar,33743
Rick Ankiel,4159
Dean Anna,30851
Tejay Antone,42355
Norichika Aoki,32053
Mark Appel,33141
Aristides Aquino,33785
Victor Arano,36120
Jonathan Arauz,34963
Chris Archer,31003
Francisco Arcia,32437
Orlando Arcia,32530
Oswaldo Arcia,31262
Nolan Arenado,31261
J.P. Arencibia,29537
Joaquin Arias,28603
Kohei Arihara,
Rogelio Armenteros,36887
Shawn Armstrong,33499
Randy Arozarena,36488
Luis Arraez,39572
Jose Arredondo,29113
Jake Arrieta,30145
Bronson Arroyo,4416
Christian Arroyo,33185
Humberto Arteaga,33522
Cody Asche,32637
Aaron Ashby,
Alec Asher,33787
Willians Astudillo,34878
Carlos Asuaje,33892
Scott Atchison,4755
Garrett Atkins,5507
Phillippe Aumont,29501
Tyler Austin,32161
Xavier Avery,30827
Alex Avila,30115
Luis Avilan,31465
Mike Aviles,29145
Dylan Axelrod,29727
John Axford,30378
Luis Ayala,5389
Erick Aybar,6522
Akil Baddoo,40634
Burke Badenhop,29090
Harrison Bader,35062
Javier Baez,32127
Michel Baez,36102
Pedro Baez,30694
Andrew Bailey,30096
Brandon Bailey,36538
Homer Bailey,28668
Jeff Baker,5371
John Baker,29183
Scott Baker,6261
Jordan Balazovic,41190
Collin Balester,28967
Grant Balfour,4811
Anthony Banda,34542
Jett Bandy,32056
Manny Banuelos,31123
Rod Barajas,4207
Daniel Bard,30158
Luke Bard,38317
Joe Barlow,41741
Scott Barlow,32156
Clint Barmes,5798
Austin Barnes,32856
Brandon Barnes,30732
Darwin Barney,29567
Danny Barnes,32499
Jacob Barnes,34868
Matt Barnes,32147
Scott Barnes,30789
Tony Barnette,30181
Tucker Barnhart,31173
Kyle Barraclough,34830
Aaron Barrett,33005
Franklin Barreto,33226
Jake Barrett,33120
Tres Barrera,
Jaime Barria,34956
Joey Bart,41168
Jason Bartlett,6044
Daric Barton,6397
Anthony Bass,31144
Chris Bassitt,33148
Antonio Bastardo,30105
Miguel Batista,2657
Jake Bauers,35013
Trevor Bauer,32014
Jose Bautista,5890
Rafael Bautista,33510
Mike Baxter,29723
Jason Bay,5496
Shane Baz,39639
Brandon Beachy,30962
Matt Beaty,37004
Blake Beavan,31018
Chad Beck,32027
Chris Beck,32826
Josh Beckett,4242
Gordon Beckham,30117
Tim Beckham,30212
Erik Bedard,5099
David Bednar,38303
Cam Bedrosian,31716
Tyler Beede,33798
Jalen Beeks,36723
Dallas Beeler,33099
Seth Beer,41224
Matt Belisle,5829
Ronald Belisario,29680
Jeff Beliveau,32037
Chad Bell,32876
Heath Bell,6084
Cody Bellinger,33912
Josh Bell,32517
Duane Below,3132
Brandon Belt,30901
Adrian Beltre,3878
Carlos Beltran,3971
Anthony Bemboom,34102
Anthony Bender,
Andrew Benintendi,34986
Joaquin Benoit,4588
Joe Benson,30849
Christian Bergman,33270
Lance Berkman,4118
Roger Bernadina,29173
Jose Berrios,32811
Quintin Berry,30418
Jon Berti,32273
Dellin Betances,31122
Rafael Betancourt,3985
Yuniesky Betancourt,6218
Wilson Betemit,4968
Christian Bethancourt,31758
Chad Bettis,31718
Mookie Betts,33039
Joe Biagini,34882
Jeff Bianchi,31760
Austin Bibens-Dirkx,31344
Bo Bichette,38904
Phil Bickford,
Jesse Biddle,31762
Shane Bieber,40912
Brandon Bielak,41260
Cavan Biggio,37639
Chad Billingsley,6476
Greg Bird,32695
Braden Bishop,35033
Brian Bixler,29089
Ty Blach,33138
Charlie Blackmon,31084
Clayton Blackburn,32172
Nick Blackburn,28889
Paul Blackburn,32776
Ray Black,33656
Travis Blackley,6018
Vic Black,31764
Aaron Blair,33186
Casey Blake,4149
Andres Blanco,5943
Gregor Blanco,28661
Henry Blanco,3701
Alex Blandino,33851
Kyle Blanks,29724
Joe Blanton,6132
Jabari Blash,31765
J.J. Bleday,42410
Richard Bleier,33513
Jerry Blevins,28915
Willie Bloomquist,4603
Brennan Boesch,29378
Xander Bogaerts,31606
Mitchell Boggs,29152
Brian Bogusevic,30029
Alec Bohm,41169
Mike Bolsinger,32737
Jeremy Bonderman,5436
Emilio Bonifacio,28877
Jorge Bonifacio,32153
Julio Borbon,30014
Ryan Borucki,36192
J.C. Boscan,29554
David Bote,35246
Jason Bourgeois,29262
Peter Bourjos,29318
Justin Bour,31453
Michael Bourn,28535
Michael Bowden,29225
Matt Bowman,33685
Brad Boxberger,31495
Matt Boyd,34401
Blaine Boyer,6316
Brad Brach,31000
Silvino Bracho,34119
Dallas Braden,28749
Chasen Bradford,33129
Archie Bradley,32518
Bobby Bradley,33858
Jackie Bradley Jr.,32362
Milton Bradley,4245
Michael Brantley,30043
Rob Brantly,31133
Russell Branyan,3988
Ryan Brasier,30189
Steven Brault,33870
Ryan Braun,28721
John Brebbia,39085
Alex Bregman,34886
Brandon Brennan,34852
Jake Brentz,
Craig Breslow,6365
Colten Brewer,36631
Austin Brice,31722
Jose Briceno,32545
Parker Bridwell,31607
Jeff Brigham,36110
Reid Brignac,28707
Lewis Brinson,32819
Socrates Brito,32485
Zach Britton,31054
Connor Brogdon,
Aaron Brooks,33124
Michael Brosseau,40533
Rex Brothers,31083
Andrew Brown,31409
Barret Browning,30911
Domonic Brown,29673
Gary Brown,31014
Seth Brown,35676
Trevor Brown,33484
Jonathan Broxton,6370
Keon Broxton,30755
JT Brubaker,41460
Jay Bruce,28954
Jaycob Brugman,34686
Vidal Brujan,40462
Kris Bryant,33172
Kris Bubic,41201
David Buchanan,33281
Clay Buchholz,28855
Ryan Buchter,32329
John Buck,5407
Walker Buehler,39251
Mark Buehrle,4454
J.B. Bukauskas,40919
Madison Bumgarner,29949
Aaron Bummer,36131
Dylan Bundy,32094
Nick Burdi,33728
Jake Burger,39882
Enrique Burgos,34838
Greg Burke,30231
A.J. Burnett,4153
Alex Burnett,30410
Corbin Burnes,39878
Sean Burnett,5384
Billy Burns,32860
Pat Burrell,4214
Beau Burrows,35046
Jared Burton,28733
Matt Bush,30074
Drew Butera,29436
Billy Butler,6396
Eddie Butler,32831
Joey Butler,30640
Ty Buttrey,36206
Byron Buxton,32655
Tim Byrdak,3910
Marlon Byrd,5033
Asdrubal Cabrera,28671
Edward Cabrera,40944
Everth Cabrera,30155
Genesis Cabrera,41061
Mauricio Cabrera,32809
Melky Cabrera,6347
Miguel Cabrera,5544
Orlando Cabrera,3739
Trevor Cahill,30054
Lorenzo Cain,29416
Matt Cain,6202
Kole Calhoun,31413
Willie Calhoun,35238
Alberto Callaspo,28541
Johan Camargo,33741
Daz Cameron,34964
Mike Cameron,3331
Arquimedes Caminero,30979
Tony Campana,30846
Eric Campbell,31171
Shawn Camp,5930
Luis Campusano,40521
Jeimer Candelario,32531
Mark Canha,31670
Griffin Canning,41065
Robinson Cano,6204
Jorge Cantu,6033
Russ Canzler,30238
Carter Capps,32469
Matt Capps,6450
Chris Capuano,5469
Victor Caratini,33229
Adrian Cardenas,30154
Stephen Cardullo,35747
Andrew Carignan,30034
Shane Carle,33658
Dylan Carlson,39226
Roberto Hernandez,6356
Andrew Carpenter,29221
Chris Carpenter,3610
Chris Carpenter,
David Carpenter,29698
David Carpenter,31305
Matt Carpenter,31015
Ryan Carpenter,35098
Mike Carp,29660
Carlos Carrasco,28968
D.J. Carrasco,5393
Ezequiel Carrera,29008
Joel Carreno,31515
Jamey Carroll,5349
Robert Carson,31672
Chris Carter,29486
Curt Casali,32049
Triston Casas,41180
Andrew Cashner,30134
Alexi Casilla,28575
Santiago Casilla,6060
Bobby Cassevah,30806
Alex Castellanos,31372
Nick Castellanos,31187
Ryan Castellani,36143
Diego Castillo,39103
Jose Castillo,38706
Luis Castillo,35124
Rusney Castillo,33630
Welington Castillo,29564
Harold Castro,32521
Jason Castro,30178
Miguel Castro,33820
Rodolfo Castro,
Starlin Castro,30450
Willi Castro,34230
Jake Cave,33417
Dylan Cease,34943
Garin Cecchini,32124
Gavin Cecchini,32798
Brett Cecil,30296
Ronny Cedeno,6254
Xavier Cedeno,32028
Gilberto Celestino,
Juan Centeno,31443
Francisco Cervelli,29273
Yoenis Cespedes,32080
Luis Cessa,34837
Jhoulys Chacin,30147
Andrew Chafin,32810
Adron Chambers,30811
Joba Chamberlain,28847
Yu Chang,33876
Aroldis Chapman,30442
Matt Chapman,33857
J.T. Chargois,34854
Tyler Chatwood,30564
Endy Chavez,4727
Eric Chavez,3953
Jesse Chavez,29220
Michael Chavis,33823
Bruce Chen,3926
Wei-Yin Chen,32048
Robinson Chirinos,30445
Yonny Chirinos,39823
Lonnie Chisenhall,30523
Jazz Chisholm,41433
Randy Choate,4440
Michael Choice,31959
Ji-Man Choi,31779
Shin-Soo Choo,6205
Vinnie Chulk,5417
Adam Cimber,35780
Tony Cingrani,32135
Pedro Ciriaco,30084
Steve Cishek,30963
Jose Cisnero,31673
Nick Ciuffo,33187
Aaron Civale,40934
Taylor Clarke,35277
Emmanuel Clase,41743
Alex Claudio,33628
Ernie Clement,
Jeff Clement,28647
Paul Clemens,31609
Maikel Cleto,30967
Steve Clevenger,30135
Mike Clevinger,32769
Tyler Clippard,28694
Tyler Cloyd,32578
Jason Coats,33949
Alex Cobb,31086
Kyle Cody,41021
Robert Coello,30958
Chris Coghlan,29772
Phil Coke,29235
Chris Colabello,32678
A.J. Cole,31595
Gerrit Cole,32081
Dusty Coleman,31307
Louis Coleman,31115
Taylor Cole,34532
Tim Collins,30995
Tyler Collins,32136
Zack Collins,36195
Josh Collmenter,31090
Alex Colome,31255
Bartolo Colon,3602
Christian Colon,31116
Tyler Colvin,28999
Michael Conforto,33711
Hank Conger,29316
Adam Conley,32669
Jose Constanza,29367
Jose Contreras,5373
Roansy Contreras,
Willson Contreras,32532
William Contreras,39895
Aaron Cook,4762
Ryan Cook,31532
Tim Cooney,33159
David Cooper,30204
Garrett Cooper,33398
Patrick Corbin,31313
Francisco Cordero,4139
Franchy Cordero,33340
Jimmy Cordero,34850
Ryan Cordell,34689
Allen Cordoba,36085
Carlos Corporan,29412
Carlos Correa,32653
Kevin Correia,5580
Nestor Cortes,36480
Jarred Cosart,31096
Mike Costanzo,29020
Caleb Cotham,33897
Jharel Cotton,34052
Neal Cotts,5644
Daniel Coulombe,33638
Dylan Covey,33309
Kaleb Cowart,31648
Collin Cowgill,30485
Zack Cox,31016
Zack Cozart,30466
Dylan Cozens,33749
Allen Craig,30399
Jesse Crain,5905
Tyler Cravy,33824
Brandon Crawford,30469
Carl Crawford,5035
Evan Crawford,31546
J.P. Crawford,33210
Stefan Crichton,35681
Kyle Crick,32171
Coco Crisp,5299
Garrett Crochet,4297835
C.J. Cron,32155
Jake Cronenworth,36364
Kevin Cron,34090
Casey Crosby,30683
Aaron Crow,30495
Trevor Crowe,28642
Wil Crowe,
Luis Cruz,33110
Nelson Cruz,6242
Oneil Cruz,39712
Rhiner Cruz,32118
Tony Cruz,30936
Michael Cuddyer,4604
Johnny Cueto,28955
Noel Cuevas,32433
Charlie Culberson,29955
Brandon Cumpton,33086
Todd Cunningham,31227
John Curtiss,38159
Jack Cust,4609
Cheslor Cuthbert,31682
David Dahl,32698
Bobby Dalbec,39382
Johnny Damon,3323
John Danks,28508
Jordan Danks,30449
Chase d'Arnaud,30676
Travis D'Arnaud,29951
James Darnell,30552
Yu Darvish,32055
Matt Davidson,31145
Tucker Davidson,41069
Kyle Davies,6208
Zach Davies,33829
Brennen Davis,41293
Chris Davis,29170
Doug Davis,4138
Ike Davis,30532
Jaylin Davis,41627
J.D. Davis,33796
Jonathan Davis,38161
Khris Davis,31478
Rajai Davis,28545
Wade Davis,28957
Grant Dayton,32670
Yonathan Daza,34086
Austin Dean,33532
Alejandro De Aza,28728
Jaff Decker,31259
Samuel Deduno,30076
Justin De Fratus,30976
Brett De Geus,
Jacob deGrom,32796
David DeJesus,5799
Ivan De Jesus,30020
Chase De Jong,32813
Paul DeJong,35185
Steve Delabar,32026
Bryan De La Cruz,
Dane de la Rosa,30978
Rubby de la Rosa,31051
Jose De Leon,33831
Randall Delgado,31093
Nick Delmonico,32121
Enyel De Los Santos,35026
Fautino De Los Santos,29481
Enerio Del Rosario,30500
Travis Demeritte,33863
Ryan Dempster,3845
Matt den Dekker,31193
Chris Denorfia,6431
Mark DeRosa,3933
Daniel Descalso,30475
Anthony DeSclafani,33180
Delino Deshields Jr.,31360
Ian Desmond,29646
Odrisamer Despaigne,33617
Reid Detmers,
Ross Detwiler,28895
Chris Devenski,32511
Rafael Devers,33859
Cole DeVries,29434
Blake Dewitt,29083
Scott Diamond,30985
Aledmys Diaz,33390
Edwin Diaz,35394
Elias Diaz,33594
Isan Diaz,34997
Jairo Diaz,32986
Juan Diaz,32008
Jumbo Diaz,29839
Lewin Diaz,39921
Matt Diaz,5595
Yandy Diaz,33481
Yusniel Diaz,34961
Alex Dickerson,32956
Chris Dickerson,29209
Corey Dickerson,31684
R.A. Dickey,4695
Brandon Dickson,31067
Jake Diekman,32178
Derek Dietrich,31784
Wilmer Difo,33659
Tim Dillard,29140
Nick Dini,39850
Andy Dirks,31006
Brandon Dixon,33911
Greg Dobbs,6099
Randy Dobnak,42214
Rafael Dolis,30514
Matt Dominguez,29963
Seranthony Dominguez,37793
Jason Donald,29671
Josh Donaldson,29563
Sean Doolittle,30283
Octavio Dotel,3950
Felix Doubront,30066
Ryan Doumit,6304
Camilo Doval,
Darin Downs,31076
Jeter Downs,39648
Matt Downs,30111
Scott Downs,4286
Brian Dozier,31009
Hunter Dozier,33233
Kyle Drabek,29965
Oliver Drake,31615
J.D. Drew,3956
Stephen Drew,6298
Brandon Drury,32269
Mauricio Dubon,35304
Justin Duchscherer,4816
Lucas Duda,30953
Brian Duensing,28960
Tyler Duffey,33668
Danny Duffy,31114
Matt Duffy,33453
Steven Duggar,35568
Robert Dugger,39831
Zach Duke,6219
Ryan Dull,33319
Shelley Duncan,28832
Adam Dunn,4808
Dane Dunning,36080
Justin Dunn,40992
Mike Dunn,30081
Jon Duplantier,40918
Jarren Duran,41610
Chad Durbin,4210
Adam Duvall,32664
Jarrod Dyson,30461
Sam Dyson,31745
Adam Eaton,32068
David Eckstein,4625
Josh Edgin,32198
Tommy Edman,39907
Jim Edmonds,2993
Carl Edwards,33202
Zach Eflin,32804
Brett Eibner,31276
Jerad Eickhoff,33057
Scott Elbert,28689
Roenis Elias,33152
A.J. Ellis,29258
Drew Ellis,
Mark Ellis,5086
Jacoby Ellsbury,28637
Jake Elmore,32179
John Ely,30940
Edwin Encarnacion,5904
Adam Engel,34064
Barry Enright,29791
Nathan Eovaldi,31174
Cody Eppley,31078
Robbie Erlin,31791
Phil Ervin,33234
Alcides Escobar,29229
Eduardo Escobar,30272
Yunel Escobar,28662
Tom Eshelman,34977
Anderson Espinoza,34987
Danny Espinosa,30621
Paolo Espino,
Santiago Espinal,39924
Carlos Estevez,34861
Marco Estrada,29215
Thairo Estrada,36485
Andre Ethier,6481
Demarcus Evans,41742
Phillip Evans,32201
Luis Exposito,30540
Peter Fairbanks,42180
Stuart Fairchild,
Bailey Falter,
Irving Falu,30390
Jeurys Familia,31687
Jacob Faria,34871
Buck Farmer,33627
Kyle Farmer,33287
Kyle Farnsworth,4049
Danny Farquhar,30611
Eric Farris,30659
Taylor Featherston,33407
Erick Fedde,33793
Tim Federowicz,31038
Scott Feldman,6384
Pedro Feliciano,5314
Michael Feliz,33235
Neftali Feliz,30149
Caleb Ferguson,41017
Jose Fernandez,32567
Jose Miguel Fernandez,36460
J.P. Feyereisen,36011
Chuckie Fick,32041
Josh Fields,30213
Johnny Field,33569
Prince Fielder,5915
Casey Fien,29376
Mike Fiers,30773
Stephen Fife,32038
Chone Figgins,5302
Pedro Figueroa,30558
Heath Fillmyer,36077
Brandon Finnegan,33633
Kyle Finnegan,
Derek Fisher,33794
Doug Fister,30370
Jack Flaherty,33837
Ryan Flaherty,30728
Josh Fleming,42615
David Fletcher,35156
Chris Flexen,36067
Jesus Flores,28714
Ramon Flores,31617
Wilmer Flores,30627
Pedro Florimon,30310
Dylan Floro,33852
Tyler Flowers,30157
Gavin Floyd,5922
Brian Flynn,32671
Mike Foltynewicz,31819
Wilmer Font,31075
Lew Ford,5377
Mike Ford,38896
Logan Forsythe,30579
Matt Foster,40706
Dexter Fowler,29252
Dustin Fowler,34693
Lucius Fox,34990
Jake Fraley,37974
Ben Francisco,28672
Frank Francisco,5963
Jeff Francis,6038
Jeff Francoeur,6345
Juan Francisco,29601
Maikel Franco,32163
Ty France,35591
Wander Franco,40929
Kevin Frandsen,6528
Nick Franklin,30661
Ryan Franklin,4064
Jason Frasor,5938
Adam Frazier,33546
Clint Frazier,33188
Todd Frazier,30004
Kyle Freeland,33839
Freddie Freeman,30193
Mike Freeman,31209
Sam Freeman,32075
Tyler Freeman,40958
David Freese,29694
David Freitas,31697
Carlos Frias,33272
Christian Friedrich,30603
Max Fried,32685
Ernesto Frieri,29984
Jace Fry,34240
Paul Fry,33909
Brian Fuentes,4731
Josh Fuentes,34701
Reymond Fuentes,31280
Kyuji Fujikawa,32583
Kosuke Fukudome,28948
Sam Fuld,28905
Carson Fulmer,34913
Michael Fulmer,34842
Charlie Furbush,31589
Rafael Furcal,4243
Armando Galarraga,28914
Cam Gallagher,33698
Yovani Gallardo,28650
Giovanny Gallegos,36050
Zac Gallen,39910
Isaac Galloway,31560
Joey Gallo,32818
Freddy Galvis,29670
Ben Gamel,31824
Mat Gamel,29230
John Gant,34841
Adonis Garcia,33080
Adolis Garcia,35537
Anthony Garcia,31825
Aramis Garcia,33714
Avisail Garcia,30729
Bryan Garcia,37304
Christian Garcia,30080
Deivi Garcia,41218
Edgar Garcia,37582
Freddy Garcia,4007
Greg Garcia,32211
Jaime Garcia,29185
Jarlin Garcia,33843
Jose Barrero,40951
Leury Garcia,30664
Luis Garcia,33089
Luis Garcia,40459
Luis Garcia,4684365
Robel Garcia,33451
Willy Garcia,32335
Yimi Garcia,32888
Brett Gardner,29174
Jon Garland,4235
Kyle Garlick,35431
Dustin Garneau,33257
Amir Garrett,33652
Braxton Garrett,40971
Mitch Garver,33667
Matt Garza,28528
Evan Gattis,32863
Chad Gaudin,5627
Kevin Gausman,32667
Sam Gaviglio,33157
Cory Gearrin,30665
Dillon Gee,30139
Steve Geltz,31393
Scooter Gennett,31175
Craig Gentry,30267
Michael Gerber,33966
Domingo German,33660
Gonzalez Germen,33076
Chris Getz,29207
Jason Giambi,3226
Johnny Giavotella,31128
Kyle Gibson,31053
Tayron Guerrero,33654
Logan Gilbert,41221
Tyler Gilbert,
Ken Giles,32762
Conor Gillaspie,29263
Luis Gil,
Andres Gimenez,37729
Chris Gimenez,29361
Hector Gimenez,28619
Caleb Gindl,30326
Kevin Ginkel,41432
Lucas Giolito,32697
Mychal Givens,31618
Tyler Glasnow,33190
Troy Glaus,3902
Koda Glover,36009
Graham Godfrey,31592
Zack Godley,34824
Tyler Goeddel,34249
Luiz Gohara,33237
Ryan Goins,30636
Paul Goldschmidt,31027
Austin Gomber,34897
Jonny Gomes,5860
Yan Gomes,32108
Carlos Gomez,28762
Jeanmar Gomez,30525
Mauro Gomez,31550
Stephen Gonsalves,33758
Tony Gonsolin,38958
Adrian Gonzalez,5405
Alex Gonzalez,3916
Alberto Gonzalez,28876
Carlos Gonzalez,28658
Chi Chi Gonzalez,33386
Erik Gonzalez,33018
Gio Gonzalez,28962
Marwin Gonzalez,30327
Marco Gonzales,33158
Michael Gonzalez,5642
Miguel Gonzalez,29310
Miguel A. Gonzalez,33093
Severino Gonzalez,33238
Victor Gonzalez,42340
Niko Goodrum,32524
Brian Goodwin,32174
Nick Goody,32646
Alex Gordon,28636
Dee Strange-Gordon,30726
Nick Gordon,33705
MacKenzie Gore,39636
Terrance Gore,33632
Nolan Gorman,
Darin Gorski,32240
Tom Gorzelanny,6449
Anthony Gose,31048
Tuffy Gosewisch,29669
Daniel Gossett,36078
Phil Gosselin,31222
Trevor Gott,33614
Lourdes Gurriel,36040
Yulieski Gurriel,36006
Matt Grace,33641
Curtis Granderson,6125
Yasmani Grandal,30950
Zack Granite,35560
Brusdar Graterol,40965
Kendall Graveman,33636
Jon Gray,33203
Josiah Gray,41165
Sonny Gray,32082
Chad Green,33325
Conner Greene,35001
Grant Green,30430
Hunter Greene,39635
Riley Greene,42179
Shane Greene,32704
Taylor Green,29045
Tyler Greene,30027
Luke Gregerson,30276
Kevin Gregg,5641
Didi Gregorius,31376
Grayson Greiner,33693
Zack Greinke,5883
Randal Grichuk,31399
A.J. Griffin,32559
Jason Grilli,4350
Justin Grimm,31753
Trent Grisham,34995
Jason Groome,36182
Robbie Grossman,31385
Robert Gsellman,34872
Alexander Guerrero,33096
Javy Guerra,30505
Junior Guerra,34241
Matt Guerrier,5998
Taylor Guerrieri,32167
Vladimir Guerrero,3576
Vladimir Guerrero Jr.,35002
Carlos Guillen,3944
Jose Guillen,3592
Luis Guillorme,35149
Jandel Gustave,33665
Jeremy Guthrie,5370
Franklin Gutierrez,6408
Kelvin Gutierrez,36994
Vladimir Gutierrez,36092
Brandon Guyer,30708
Jesus Guzman,30108
Ronald Guzman,33241
Tony Gwynn,28516
Jedd Gyorko,31402
Eric Haase,33452
Josh Hader,32760
Travis Hafner,4752
Nick Hagadone,29992
Sam Haggerty,38347
Jesse Hahn,33108
Jerry Hairston,3966
Scott Hairston,5401
David Hale,32601
Roy Halladay,3973
Bill Hall,5311
Matt Hall,41132
Cole Hamels,6216
Billy Hamilton,31042
Josh Hamilton,4652
Jason Hammel,6480
Garrett Hampson,39899
Brad Hand,31077
Mitch Haniger,32771
Ryan Hanigan,28899
Jack Hannahan,28468
Joel Hanrahan,28715
Alec Hansen,39883
Alen Hanson,32560
Tommy Hanson,30191
Ian Happ,34945
J.A. Happ,28817
Aaron Harang,5181
Rich Harden,5588
Blaine Hardy,30815
J.J. Hardy,5908
Dan Haren,5565
Bryce Harper,30951
Ryne Harper,33333
Lucas Harrell,29937
Josh Harrison,30934
Matt Harrison,28965
Monte Harrison,33844
Will Harris,32566
Corey Hart,5973
Geoff Hartlieb,40865
Hunter Harvey,33191
Matt Harvey,31214
Adam Haseley,41082
Alexander Hassan,30770
Chris Hatcher,30648
Tom Hatch,39889
Reese Havens,30216
LaTroy Hawkins,3176
Brad Hawpe,5955
Ke'Bryan Hayes,35020
Austin Hays,36928
Jeremy Hazelbaker,30654
Chase Headley,28809
Ryon Healy,33970
Andrew Heaney,32672
Taylor Hearn,40980
Adeiny Hechavarria,31049
Austin Hedges,32168
Jeremy Hefner,30870
Jonah Heim,33842
Scott Heineman,36363
Tyler Heineman,33142
Chris Heisey,30519
Ben Heller,34699
Jeremy Hellickson,30506
Ryan Helsley,39909
Todd Helton,3709
Heath Hembree,31840
Jim Henderson,31169
Kyle Hendricks,33173
Liam Hendriks,31755
Clay Hensley,6358
Sam Hentges,41225
Guillermo Heredia,35050
Michael Hermosillo,36177
Carlos Hernandez,
Cesar Hernandez,31130
David Hernandez,30058
Darwinzon Hernandez,40502
Elieser Hernandez,39836
Enrique Hernandez,31358
Felix Hernandez,6194
Gorkys Hernandez,29550
Jonathan Hernandez,39814
Livan Hernandez,3573
Luis Hernandez,28823
Marco Hernandez,33431
Ramon Hernandez,4097
Teoscar Hernandez,33377
Yadiel Hernandez,
Yonny Hernandez,
Dilson Herrera,33091
Elian Herrera,31165
Jonathan Herrera,29119
Kelvin Herrera,32029
Odubel Herrera,32868
Rosell Herrera,33103
Chris Herrmann,31998
David Hess,34226
John Hester,29788
Chris Heston,32611
Codi Heuer,42138
Jason Heyward,29551
Aaron Hicks,31253
Brandon Hicks,29552
John Hicks,32255
Jordan Hicks,37909
Kyle Higashioka,30545
Trevor Hildenberger,35902
Aaron Hill,6190
Derek Hill,
Sam Hilliard,35831
Rich Hill,6321
Shawn Hill,5993
Steven Hill,30474
Tim Hill,37005
Dalier Hinojosa,33275
Eric Hinske,4606
Yoshihisa Hirano,39842
Keston Hiura,39879
Luke Hochevar,28643
Nico Hoerner,41219
L.J. Hoes,32090
Jeff Hoffman,33841
Trevor Hoffman,2817
Bryan Holaday,31961
Jonathan Holder,36035
Kyle Holder,35286
Derek Holland,30148
Greg Holland,30945
Matt Holliday,5940
Jordan Holloway,
Clay Holmes,32827
Grant Holmes,33840
Brock Holt,30841
Brent Honeywell,33838
J.J. Hoover,32557
Jeremy Horst,31071
Rhys Hoskins,35291
Eric Hosmer,30993
Tanner Houck,41009
Adrian Houser,32157
T.J. House,32610
Ryan Howard,6097
Ryan Howard,38979
Spencer Howard,41072
J.P. Howell,6312
Jared Hoying,31217
James Hoyt,33416
Daniel Hudson,30376
Dakota Hudson,38680
Orlando Hudson,5029
Tim Hudson,4084
Aubrey Huff,4479
David Huff,30127
Sam Huff,40798
Jared Hughes,31556
Luke Hughes,29428
Phil Hughes,28638
Danny Hultzen,32023
Philip Humber,28596
Nick Hundley,29180
Torii Hunter,3723
Tommy Hunter,29198
Drew Hutchison,31462
Jae-gyun Hwang,36152
Chris Iannetta,28561
Andy Ibanez,
Raul Ibanez,3504
Ryota Igarashi,30434
Jose Iglesias,30382
Raisel Iglesias,33618
Ender Inciarte,31327
Jonathan India,41171
Gregory Infante,30955
Omar Infante,5339
Brandon Inge,4623
Cole Irvin,39869
Kyle Isbel,
Travis Ishikawa,6509
Jason Isringhausen,3289
Hisashi Iwakuma,30965
Akinori Iwamura,28632
Maicer Izturis,6087
Alex Jackson,33707
Austin Jackson,29453
Brett Jackson,30594
Conor Jackson,6193
Edwin Jackson,5842
Jay Jackson,30705
Luke Jackson,31749
Ryan Jackson,31213
Mike Jacobs,23283
Joshua James,41128
Paul Janish,29130
Travis Jankowski,32751
Danny Jansen,35004
Kenley Jansen,29630
Casey Janssen,6526
John Jaso,29255
Cristian Javier,41261
Griffin Jax,
Jon Jay,29691
Daulton Jefferies,39434
Ryan Jeffers,41587
Jeremy Jeffress,30954
Chad Jenkins,30612
Bobby Jenks,5910
Dan Jennings,30555
Desmond Jennings,30493
Kevin Jepsen,29265
Derek Jeter,3246
A.J. Jimenez,31050
Eloy Jimenez,33867
Joe Jimenez,33760
Luis Jimenez,31970
Ubaldo Jimenez,28625
Connor Joe,35440
Brian Johnson,34400
Chris Johnson,29616
Dan Johnson,6096
Daniel Johnson,40351
Elliot Johnson,29078
Erik Johnson,32176
Jim Johnson,28531
Josh Johnson,6435
Kelly Johnson,6295
Micah Johnson,33149
Nick Johnson,4240
Pierce Johnson,32777
Reed Johnson,5452
Rob Johnson,28866
Steve Johnson,30391
Adam Jones,28513
Andruw Jones,3520
Chipper Jones,3006
Garrett Jones,28763
Jahmai Jones,34958
James Jones,30684
JaCoby Jones,34906
Nate Jones,31136
Nolan Jones,37340
Ryder Jones,34992
Taylor Jones,
Taylor Jordan,31701
Caleb Joseph,30464
Corban Joseph,31250
Tommy Joseph,31995
Matt Joyce,29124
Aaron Judge,33192
Josh Jung,42437
Taylor Jungmann,32045
Jakob Junis,36056
Ariel Jurado,35281
Jair Jurrjens,28854
Kila Ka'aihue,29248
Tommy Kahnle,31867
Ryan Kalish,30539
Jung-Ho Kang,33689
James Kaprielian,34927
James Karinchak,40715
Nate Karns,32607
Jeff Karstens,28552
Munenori Kawasaki,32047
Anthony Kay,40947
Scott Kazmir,5917
Austin Kearns,5012
Keone Kela,33497
Jarred Kelenic,41150
Brad Keller,35292
Mitch Keller,33722
Shawn Kelley,30258
Casey Kelly,30520
Carson Kelly,32797
Don Kelly,28730
Joe Kelly,31992
Merrill Kelly,32968
Michael Kelly,36156
Ty Kelly,32753
Matt Kemp,28476
Tony Kemp,34083
Jason Kendall,3401
Howie Kendrick,6524
Kyle Kendrick,28804
Adam Kennedy,4157
Brett Kennedy,39872
Ian Kennedy,28864
Max Kepler,31870
Jeff Keppinger,6076
Clayton Kershaw,28963
Dallas Keuchel,31815
Carter Kieboom,40446
Spencer Kieboom,33866
Kevin Kiermaier,31446
Yusei Kikuchi,41415
Franklyn Kilome,33836
Craig Kimbrel,30653
Ha-Seong Kim,
Hyun-soo Kim,34885
Kwang hyun Kim,42384
Isiah Kiner-Falefa,33572
Scott Kingery,35276
Nick Kingham,31874
Michael King,40429
Tyler Kinley,34166
Josh Kinney,28506
Ian Kinsler,6197
Brandon Kintzler,30959
Jason Kipnis,31007
Alex Kirilloff,40636
Alejandro Kirk,42081
Michael Kirkman,30571
Andrew Kittredge,35872
Patrick Kivlehan,33389
Branden Kline,32757
Corey Kluber,30981
Andrew Knapp,33304
Corey Knebel,33206
Andrew Knizner,36170
Matt Koch,34849
Tom Koehler,31079
Adam Kolarek,33130
Paul Konerko,3747
George Kontos,30991
Michael Kopech,33763
Bobby Korecky,29112
Casey Kotchman,5918
Mark Kotsay,3685
George Kottaras,28665
Kevin Kouzmanoff,28585
Jackson Kowar,41184
Pete Kozma,30011
Kevin Kramer,39887
Erik Kratz,29524
Dean Kremer,38295
Ian Krol,31883
Jason Kubel,6102
Kyle Kubitza,32865
Chad Kuhl,35021
Hong-Chih Kuo,6415
Hiroki Kuroda,28950
Steven Kwan,41998
John Lackey,5203
Asa Lacy,
Tyler Ladendorf,31647
Aaron Laffey,28835
Juan Lagares,31410
Bryan LaHair,28703
Brandon Laird,30623
Gerald Laird,5465
Junior Lake,30718
Travis Lakins,
Blake Lalli,30593
Ryan LaMarre,31172
Peter Lambert,39898
Jacob Lamb,32742
John Lamb,30994
Andrew Lambo,31028
Dinelson Lamet,36157
Ryan Langerhans,5109
John Lannan,28834
Matt LaPorta,29402
Trevor Larnach,41205
Adam LaRoche,5879
Tommy La Stella,32217
Mat Latos,30196
Eric Lauer,39915
Ramon Laureano,35142
Ryan Lavarnway,31039
Derek Law,33139
Casey Lawrence,35949
Brett Lawrie,30644
Brandon League,6135
Mike Leake,30465
Wade LeBlanc,29238
Jose Leclerc,33926
Sam LeCure,30171
Carlos Lee,4000
Cliff Lee,5353
Dae-Ho Lee,34926
Derrek Lee,3614
Khalil Lee,40657
Mark Leiter,36202
DJ LeMahieu,30765
Dominic Leone,33155
Sandy Leon,32101
Chris Leroux,30282
Jon Lester,28487
Colby Lewis,5067
Fred Lewis,28574
Kyle Lewis,36188
Royce Lewis,40635
Domingo Leyba,33663
Alex Liddi,29493
Brad Lidge,5102
Brent Lillibridge,28970
Ted Lilly,4062
Tim Lincecum,28705
Brad Lincoln,29953
Adam Lind,28579
Josh Lindblom,30585
Francisco Lindor,32129
Matt Lindstrom,28682
Tzu-Wei Lin,34072
Francisco Liriano,6211
Rymer Liriano,31278
Zack Littell,36052
Ben Lively,33194
Jonathan Loaisiga,39807
Jose Lobaton,29710
Kyle Lobstein,31756
Tim Locastro,35779
Jeff Locke,31068
Nick Lodolo,
Kameron Loe,6136
Boone Logan,6486
Kyle Lohse,4789
Steve Lombardozzi,31996
James Loney,6497
Evan Longoria,28639
Sammy Long,42262
Shed Long,38859
Tim Lopes,33905
Felipe Lopez,4254
Javier Lopez,5388
Jose Lopez,7392
Jorge Lopez,33833
Nicky Lopez,38106
Pablo Lopez,39671
Rafael Lopez,32647
Reynaldo Lopez,33860
Wilton Lopez,29278
Yoan Lopez,33690
Michael Lorenzen,33252
David Lough,30528
Aaron Loup,32397
Richard Lovelady,
Brandon Lowe,39961
Derek Lowe,3640
Josh Lowe,
Mark Lowe,28511
Nate Lowe,40538
Jed Lowrie,29074
Zac Lowther,40537
Joey Lucchesi,39876
Elvis Luciano,41089
Jonathan Lucroy,30456
Ryan Ludwick,5036
Cory Luebke,30580
Lucas Luetge,32030
Dawel Lugo,33195
Seth Lugo,34873
Jordan Luplow,37580
Donald Lutz,32084
Zach Lutz,30968
Gavin Lux,40423
Jesus Luzardo,39667
Jordan Lyles,31061
Daniel Lynch,
Lance Lynn,30820
Brandon Lyon,4830
Tyler Lyons,32641
Andres Machado,
Dixon Machado,31188
Manny Machado,31097
Jean Machi,29954
Vimael Machin,
Nick Madrigal,41170
Ryan Madson,5382
Kenta Maeda,34892
Matt Magill,31898
Tyler Mahle,34973
Paul Maholm,6398
Mikie Mahtook,32141
Mitch Maier,28624
Luke Maile,33271
John Maine,6041
Scott Maine,30952
Kevin Maitan,38828
Martin Maldonado,30289
Sean Manaea,33244
Trey Mancini,33351
Seth Maness,32639
Matt Manning,40920
Alek Manoah,42436
Shaun Marcum,6427
Nick Margevicius,41451
Manuel Margot,33599
Jake Marisnick,31195
Nick Markakis,6478
Carlos Marmol,28486
Jose Marmolejos,
Nick Maronde,32138
Brailyn Marquez,41182
German Marquez,34874
Jason Marquis,4409
Chris Marrero,29641
Deven Marrero,32660
Brandon Marsh,
Evan Marshall,32100
Sean Marshall,6489
Lou Marson,29241
Francis Martes,34965
Jefry Marte,31901
Ketel Marte,32512
Luis Marte,32024
Starling Marte,30830
Victor Marte,30377
Austin Martin,
Brett Martin,39815
Carlos Martinez,31340
Chris Martin,32903
Cody Martin,33135
Corbin Martin,41029
Cristhian Martinez,30362
Fernando Martinez,30141
Jason Martin,33920
J.D. Martinez,31065
Jose Martinez,31275
Leonys Martin,31588
Luis Martinez,30975
Michael Martinez,30986
Nick Martinez,33372
Nick Martini,36497
Richie Martin,34930
Russell Martin,6390
Victor Martinez,5007
Nick Masset,28505
Justin Masterson,28977
Darin Mastroianni,30807
Jorge Mateo,33832
Joe Mather,29146
Jeff Mathis,5921
Wyatt Mathisen,
Nick Maton,41284
Phil Maton,36161
Daisuke Matsuzaka,28631
Hideki Matsui,5372
Kazuo Matsui,5876
Ryan Mattheus,30350
Brian Matusz,29938
Tyler Matzek,31264
Steven Matz,33106
Joe Mauer,5378
Brandon Maurer,32595
Bruce Maxwell,33280
Justin Maxwell,28896
John Mayberry,30042
Cameron Maybin,6455
Dustin May,40937
Mike Mayers,
Jack Mayfield,36418
Jacob May,33308
Edwin Maysonet,29247
Trevor May,31263
Tim Mayza,35773
Nomar Mazara,32820
Zach McAllister,30546
Matt McBride,30794
Ryan McBroom,35273
Brian McCann,6309
James McCann,32046
Brandon McCarthy,6191
Jake McCarthy,
Kevin McCarthy,35389
Shane McClanahan,
Kyle McClellan,29076
Mike McClendon,30949
Chas McCormick,40574
Mike McCoy,30380
Lance McCullers,32764
Andrew McCutchen,28701
Darnell McDonald,4616
James McDonald,29243
John McDonald,4108
T.J. McFarland,32680
Jake McGee,28959
Casey McGehee,29245
Dustin McGowan,5919
Chris Mcguiness,30879
Reese McGuire,33250
Collin McHugh,32569
Brendan McKay,41010
Michael McKenry,30529
Ryan McKenna,
Triston McKenzie,34954
Billy McKinney,33196
Zach McKinstry,38420
Nate McLouth,6220
Ryan McMahon,33247
Jeff McNeil,33900
Kyle McPherson,31069
Austin Meadows,33197
John Means,39948
Gil Meche,4105
Tommy Medica,32882
Adonis Medina,34978
Yoervis Medina,31110
Kris Medlen,30264
Evan Meek,28934
Tylor Megill,
Adalberto Mejia,33198
Ernesto Mejia,30426
Francisco Mejia,33248
Jenrry Mejia,30541
J.C. Mejia,
Seth Mejias-Brean,32800
Mark Melancon,29446
MJ Melendez,40948
Tim Melville,31803
Yohander Mendez,34875
Danny Mendick,40393
Luis Mendoza,28906
Conner Menez,41439
Daniel Mengden,35096
Oscar Mercado,35170
Jordy Mercer,30687
Yermin Mercedes,36148
Jesus Merchan,29781
Ryan Merritt,33644
Whit Merrifield,32422
Julian Merryweather,39816
Melky Mesa,31022
Victor Victor Mesa,41134
Devin Mesoraco,29950
Alex Meyer,32173
Jake Meyers,
Max Meyer,
Keynan Middleton,36045
Will Middlebrooks,31232
Jose Mijares,29236
Miles Mikolas,32116
Aaron Miles,5795
Wade Miley,31094
Andrew Miller,28563
Brad Miller,32206
Jared Miller,36119
Jim Miller,29233
Justin Miller,31364
Lastings Milledge,6477
Owen Miller,
Shelby Miller,30738
Alec Mills,34863
Brad Mills,30201
Kevin Millwood,3687
Tommy Milone,31706
Juan Minaya,34845
Mike Minor,30624
A.J. Minter,36133
Ariel Miranda,35305
Jose Miranda,41000
Bryan Mitchell,31910
D.J. Mitchell,30673
Casey Mize,41167
Jose Molina,4169
Yadier Molina,5986
Yoan Moncada,33984
Adalberto Mondesi,32821
Mickey Moniak,36181
Frankie Montas,33249
Jesus Montero,29448
Miguel Montero,28586
Rafael Montero,32631
Jordan Montgomery,38173
Michael Montgomery,31092
Adam Moore,29491
Andrew Moore,35035
Dylan Moore,40593
Matt Moore,31099
Scott Moore,28589
Tyler Moore,30635
Franklin Morales,28675
Kendrys Morales,6188
Melvin Mora,4078
Colin Moran,33200
Adrian Morejon,40917
Brent Morel,30601
Mitch Moreland,30452
Gabriel Moreno,
Adam Morgan,32636
Eli Morgan,
Nyjer Morgan,28885
Shawn Morimando,34866
Mike Morin,32949
Justin Morneau,5379
Max Moroff,34058
Reyes Moronta,36069
Bryan Morris,30497
Logan Morrison,30536
Brandon Morrow,28734
Michael Morse,6300
Charlie Morton,29155
Guillermo Moscoso,30068
Dustin Moseley,6214
Brandon Moss,28844
Guillermo Mota,4053
Jason Motte,29256
Taylor Motter,32715
Ryan Mountcastle,34940
Mike Moustakas,29999
Gabriel Moya,38250
Steven Moya,32257
Peter Moylan,6500
Edward Mujica,28501
Kyle Muller,41041
Cedric Mullins,35578
Max Muncy,33303
Andres Munoz,40939
Yairo Munoz,33828
David Murphy,28582
Daniel Murphy,29200
John Ryan Murphy,31477
Sean Murphy,33557
Tom Murphy,33225
Joe Musgrove,34848
Ronnier Mustelier,32289
Brett Myers,5017
Wil Myers,31265
Xavier Nady,4564
Hiroyuki Nakajima,32584
Mike Napoli,28444
Tyler Naquin,32788
Omar Narvaez,34254
Chris Narveson,6215
Joe Nathan,4044
Daniel Nava,30910
Dioner Navarro,5902
Efren Navarro,30337
Josh Naylor,35066
Thomas Neal,30572
Kristopher Negron,29307
Nick Neidert,35036
Chris Nelson,30156
Jimmy Nelson,32738
Hector Neris,32377
Pat Neshek,28489
Sheldon Neuse,39666
Dovydas Neverauskas,35804
Jake Newberry,36500
Sean Newcomb,33856
Kevin Newman,35022
Gift Ngoepe,30788
Juan Nicasio,30511
Mike Nickeas,29665
Justin Nicolino,31708
Tomas Nido,36068
Jeff Niemann,6243
Jon Niese,29219
Kirk Nieuwenhuis,30218
Wil Nieves,5219
Brandon Nimmo,32159
Tsuyoshi Nishioka,30966
Jayson Nix,28951
Jacob Nix,35282
Laynce Nix,5576
Hector Noesi,30502
John Nogowski,
Aaron Nola,33709
Austin Nola,32961
Ricky Nolasco,6491
Sean Nolin,32709
Jake Noll,40474
Lars Nootbaar,
Jordan Norberto,30406
Bud Norris,30369
Daniel Norris,33199
Derek Norris,30608
Jacob Nottingham,34931
Ivan Nova,30400
Dom Nunez,33826
Eduardo Nunez,30290
Renato Nunez,32778
Vidal Nuno,32706
Bailey Ober,3107919
Scott Oberg,33256
Brett Oberholtzer,31113
Peter O'Brien,33179
Darren O'Day,29081
Jake Odorizzi,31654
Rougned Odor,32170
Eric O'Flaherty,28549
Alexi Ogando,30549
Brian O'Grady,33882
Chris O'Grady,34294
Ryan O'Hearn,35183
Seung-hwan Oh,34893
Shohei Ohtani,39832
Shohei Ohtani,39832
Steven Okert,33716
Edward Olivares,
Jared Oliva,40532
Darren Oliver,2969
Hector Olivera,34735
Lester Oliveros,30804
Miguel Olivo,5355
Matt Olson,32767
Tyler Olson,33695
Mike Olt,31218
Shawn O'Malley,30711
Logan Ondrusek,30393
Tyler O'Neill,34168
Magglio Ordonez,3728
Paulo Orlando,29357
Pete Orr,6088
Rafael Ortega,31833
David Ortiz,3748
Luis Ortiz,28589
Josh Osich,32665
Jose Osuna,33918
Roberto Osuna,32693
Corey Oswalt,39809
Roy Oswalt,4575
Dan Otero,30328
Adam Ottavino,29705
Glenn Otto,
Josh Outman,29251
Lyle Overbay,4598
Dillon Overton,33777
Johan Oviedo,
Juan Oviedo,6272
Henry Owens,33211
Chris Owings,30862
Micah Owings,28660
Marcell Ozuna,31668
Cristian Pache,39897
Jordan Pacheco,30605
Chris Paddack,35999
Vicente Padilla,4096
Angel Pagan,6488
Emilio Pagan,33403
Daniel Palka,34108
Joe Palumbo,39824
Joe Panik,32087
Thomas Pannone,39709
Jonathan Papelbon,6373
Enoli Paredes,
Isaac Paredes,39706
Jimmy Paredes,30680
Byung-ho Park,34839
Blake Parker,30517
Jarrod Parker,29806
Jarrett Parker,31499
Kyle Parker,31953
Hoy Park,
Chris Parmelee,30228
Bobby Parnell,29227
Gerardo Parra,29807
Manny Parra,28827
Wes Parsons,33284
Tyler Pastornicky,30710
Luis Patino,41176
Corey Patterson,4239
Spencer Patton,
Troy Patton,28686
David Pauley,28478
David Paulino,34846
Dorssys Paulino,32692
Felipe Paulino,28871
Ronny Paulino,5394
Ben Paulsen,31045
Xavier Paul,28985
Carl Pavano,3784
James Paxton,31980
Mark Payton,34369
James Pazos,33426
Brad Peacock,31591
Steve Pearce,28886
Nate Pearson,39646
Jake Peavy,5019
Joc Pederson,31392
Dustin Pedroia,6393
Carlos Peguero,31587
Francisco Peguero,30402
Mike Pelfrey,28507
Brayan Pena,6285
Carlos Pena,4594
Felix Pena,34920
Francisco Pena,30531
Jeremy Pena,41273
Ramiro Pena,30121
Hunter Pence,28687
Cliff Pennington,29210
Brad Penny,4115
David Peralta,33384
Freddy Peralta,39825
Jhonny Peralta,5527
Joel Peralta,6287
Wandy Peralta,36036
Wily Peralta,31140
Jose Peraza,32470
Luis Perdomo,30260
Luis Perdomo,35970
Carlos Perez,30237
Chris Perez,29134
Cionel Perez,36089
Delvin Perez,40505
Eury Perez,31286
Franklin Perez,36187
Hernan Perez,30878
Juan Perez,28605
Luis Perez,30083
Martin Perez,31098
Michael Perez,32516
Oliver Perez,5192
Roberto Perez,32265
Salvador Perez,31127
Williams Perez,33650
Cam Perkins,33507
Glen Perkins,6482
Vinnie Pestano,30964
Bryan Petersen,30240
David Peterson,40921
Dillon Peters,36169
DJ Peters,
D.J. Peterson,33208
Dustin Peterson,33292
Jace Peterson,32323
Shane Peterson,31381
Gregorio Petit,29136
Yusmeiro Petit,6470
Jake Petricka,31842
Andy Pettitte,3171
Jonathan Pettibone,31849
Tommy Pham,31208
Josh Phegley,30600
Cord Phelps,30823
David Phelps,31124
Brandon Phillips,5031
Brett Phillips,33822
Evan Phillips,
Denis Phipps,30808
Felix Pie,6475
Juan Pierre,4486
A.J. Pierzynski,3948
Kevin Pillar,32859
Brett Pill,30389
Manny Pina,30268
Chad Pinder,33771
Michael Pineda,30937
Joel Pineiro,4485
Josmil Pinto,31851
Riley Pint,36183
Jose Pirela,30817
Stephen Piscotty,32842
Nick Pivetta,36071
Kevin Plawecki,33132
Zach Plesac,42169
Trevor Plouffe,29441
Adam Plutko,34955
Colin Poche,40364
Scott Podsednik,4405
Gregory Polanco,32950
Jorge Polanco,32525
Placido Polanco,3888
A.J. Pollock,30699
Drew Pomeranz,31010
Stuart Pomeranz,29704
Dalton Pompey,32210
Daniel Ponce de Leon,34899
Rick Porcello,29966
Jorge Posada,3341
Buster Posey,30112
Cody Poteet,4728692
Brooks Pounders,34902
Boog Powell,33803
Yohel Pozo,
Martin Prado,6513
Nick Pratto,39641
Alex Presley,29683
Ryan Pressly,33072
David Price,28958
Jason Pridie,6463
Josh Prince,30660
Jurickson Profar,31117
Austin Pruitt,36061
Stephen Pryor,31922
Cesar Puello,31288
Yasiel Puig,32574
Albert Pujols,4574
A.J. Puk,36201
Nick Punto,4946
Zach Putnam,30483
J.J. Putz,5640
Kevin Quackenbush,32396
Chad Qualls,6034
Cal Quantrill,39875
Carlos Quentin,6192
Roman Quinn,32779
Humberto Quintero,5794
Jose Quintana,32106
Omar Quintanilla,6374
Ryan Raburn,6124
Tanner Rainey,38582
Cal Raleigh,
Brooks Raley,
Luke Raley,
Alexei Ramirez,28952
Aramis Ramirez,3853
Elvin Ramirez,31121
Erasmo Ramirez,31983
Hanley Ramirez,6195
Harold Ramirez,33259
J.C. Ramirez,30433
Jose Ramirez,32801
Jose Ramirez,32603
Manny Ramirez,2974
Neil Ramirez,29942
Nick Ramirez,32140
Noe Ramirez,32972
Ramon Ramirez,6503
Yefry Ramirez,36051
Yohan Ramirez,
A.J. Ramos,32104
Cesar Ramos,29734
Edubray Ramos,34876
Heliot Ramos,39642
Wilson Ramos,30173
Clay Rapada,28807
Colby Rasmus,28973
Cory Rasmus,31984
Drew Rasmussen,
Jon Rauch,4572
Rangel Ravelo,31933
Adam Ravenelle,35056
Josh Ravin,32604
Corey Ray,38716
Robbie Ray,32175
Colin Rea,33950
J.T. Realmuto,32177
Anthony Recker,29490
Josh Reddick,30195
Todd Redmond,30082
Addison Reed,31493
A.J. Reed,33674
Cody Reed,34884
Michael Reed,32260
Robert Refsnyder,33411
Sean Reid-Foley,33756
Nolan Reimold,28974
Anthony Rendon,32098
Hunter Renfroe,33205
Luis Rengifo,37237
Chris Resop,6340
Ben Revere,29976
Alex Reyes,33213
Franmil Reyes,33339
Jose Reyes,5411
Jomar Reyes,33772
Pablo Reyes,35439
Victor Reyes,35178
Bryan Reynolds,38980
Mark Reynolds,28772
Matt Reynolds,30604
Matt Reynolds,32980
Arthur Rhodes,2578
Will Rhymes,29385
Clayton Richard,29195
Garrett Richards,30892
Trevor Richards,39912
Scott Richmond,29197
Joey Rickard,32952
J.T. Riddle,33526
Andre Rienzo,31935
Austin Riley,34982
Alex Rios,5880
Edwin Rios,36645
Webster Rivas,
Emmanuel Rivera,
Felipe Vazquez,32562
Juan Rivera,4956
Mariano Rivera,3240
Rene Rivera,6128
T.J. Rivera,33467
Yadiel Rivera,31238
Anthony Rizzo,30782
Tanner Roark,31593
Brian Roberts,4773
David Robertson,29172
Daniel Robertson,30840
Daniel Robertson,33212
Luis Robert,39631
Ryan Roberts,28532
Tyler Robertson,31937
Clint Robinson,30903
Drew Robinson,31938
Kristian Robinson,
Shane Robinson,30358
Trayvon Robinson,29639
Hansel Robles,32666
Victor Robles,35042
Brendan Rodgers,35073
Richard Rodriguez,35243
Fernando Rodney,5111
Carlos Rodon,33696
Alex Rodriguez,3115
Aneury Rodriguez,30987
Dereck Rodriguez,40913
Eduardo Rodriguez,32675
Fernando Rodriguez,29326
Francisco Rodriguez,5357
Grayson Rodriguez,41196
Henry Rodriguez,30007
Henry Rodriguez,31331
Ivan Rodriguez,2523
Jefry Rodriguez,33300
Joely Rodriguez,
Julio Rodriguez,41044
Ronny Rodriguez,32131
Sean Rodriguez,29105
Paco Rodriguez,32579
Wandy Rodriguez,6286
Chaz Roe,30412
Esmil Rogers,30008
Jason Rogers,32735
Jake Rogers,39900
Mark Rogers,30064
Taylor Rogers,33671
Trevor Rogers,
Tyler Rogers,34026
Josh Rojas,40718
Jose Rojas,
Miguel Rojas,30791
Scott Rolen,3507
Jimmy Rollins,4258
Jordan Romano,
Sal Romano,34860
Enny Romero,31942
Fernando Romero,36060
Ricky Romero,30025
Stefen Romero,32204
Andrew Romine,29330
Austin Romine,29470
Sergio Romo,29168
Bruce Rondon,31943
Hector Rondon,30089
Jose Rondon,32759
Brent Rooker,40926
Jorge de la Rosa,5906
Adam Rosales,29206
Amed Rosario,33215
Eddie Rosario,31944
Wilin Rosario,30197
Daniel Rosenbaum,31711
Trevor Rosenthal,31945
Cody Ross,5404
David Ross,5206
Joe Ross,32684
Robbie Ross,32051
Tyson Ross,30099
Aaron Rowand,
Ryan Rowland-Smith,6183
Ryan Rua,33631
Darin Ruf,31470
Justin Ruggiano,28922
Carlos Ruiz,28447
Jose Ruiz,36053
Keibert Ruiz,38827
Rio Ruiz,33261
Dan Runzler,30375
Cameron Rupp,31811
Chris Rusin,31987
Addison Russell,32656
James Russell,30592
Blake Rutherford,36184
Josh Rutledge,32144
Adley Rutschman,42178
Brendan Ryan,28789
Joe Ryan,42450
Kyle Ryan,33318
Hyun-Jin Ryu,32582
Marc Rzepczynski,30366
CC Sabathia,4553
Casey Sadler,33105
Takashi Saito,6498
Tyler Saladino,31190
Fernando Salas,30650
Danny Salazar,32095
Chris Sale,30948
Jarrod Saltalamacchia,28663
Jeff Samardzija,29166
Adrian Sampson,33677
Keyvius Sampson,31932
Alex Sanabia,30941
Aaron Sanchez,31254
Adrian Sanchez,32345
Anibal Sanchez,6472
Yolmer Sanchez,32264
Eduardo Sanchez,30575
Freddy Sanchez,5315
Gaby Sanchez,29270
Gary Sanchez,31095
Hector Sanchez,30567
Jesus Sanchez,39957
Jonathan Sanchez,28472
Sixto Sanchez,36186
Tony Sanchez,30584
Pablo Sandoval,29212
Patrick Sandoval,40975
Jerry Sands,30867
Reiver Sanmartin,39799
Miguel Sano,31260
Anthony Santander,36084
Carlos Santana,30280
Danny Santana,31387
Dennis Santana,39801
Domingo Santana,31931
Edgar Santana,36197
Ervin Santana,6280
Johan Santana,4280
Hector Santiago,30744
Ramon Santiago,5178
Tony Santillan,40950
Sergio Santos,29542
Dave Sappelt,30797
Luis Sardinas,31927
Josh Satin,31297
Joe Saunders,6383
Michael Saunders,29505
Warwick Saupold,35048
Hirokazu Sawamura,2952621
Josh Sborz,
Jordan Schafer,28971
Logan Schafer,30247
Scott Schebler,33353
Tanner Scheppers,30454
Max Scherzer,28976
Nate Schierholtz,28815
Ryan Schimpf,30909
Clarke Schmidt,
Jonathan Schoop,31988
Max Schrock,36079
Skip Schumaker,6307
Kyle Schwarber,33712
Chris Schwinden,32025
Frank Schwindel,
Luke Scott,6229
Tanner Scott,35135
Evan Scribner,30970
Troy Scribner,39688
Andre Scrubb,
Marco Scutaro,5217
Corey Seager,32691
Kyle Seager,30819
Jean Segura,31037
Marcus Semien,32146
Antonio Senzatela,33750
Nick Senzel,36180
Luis Severino,33263
Pedro Severino,33299
Paul Sewald,35009
Kevin Shackelford,33112
Justin Shafer,36387
Richie Shaffer,32838
Sterling Sharp,40475
Bryan Shaw,30589
Chris Shaw,36017
Travis Shaw,32890
Ben Sheets,4571
Gavin Sheets,
Justus Sheffield,33815
Jimmie Sherfy,33410
George Sherrill,6031
James Shields,28474
Braden Shipley,33216
Matt Shoemaker,32058
Kelly Shoppach,6200
Zack Short,
Chasen Shreve,33014
J.B. Shuck,30741
Kevin Siegrist,32059
Magneuris Sierra,33814
Moises Sierra,30675
Yaisel Sierra,34840
Carlos Silva,5056
Andrelton Simmons,31728
Shae Simmons,33136
Alfredo Simon,28699
Luke Sims,32807
Brady Singer,41172
Jonathan Singleton,31206
Tony Sipp,28673
Jose Siri,33954
Chance Sisco,33217
Grady Sizemore,5882
Scott Sizemore,29388
Tyler Skaggs,31221
Kyle Skipworth,31021
Eric Skoglund,36112
Matt Skole,32632
Tarik Skubal,
Austin Slater,35265
Aaron Slegers,36179
Kevin Slowey,28692
Devin Smeltzer,41120
Burch Smith,33083
Carson Smith,32628
Caleb Smith,36081
Dominic Smith,33218
Dwight Smith Jr.,33813
Joe Smith,28729
Josh A. Smith,34719
Kevan Smith,32618
Kevin Smith,
Mallex Smith,32933
Pavin Smith,
Riley Smith,
Seth Smith,28920
Will Smith,31549
Will Smith,38309
Justin Smoak,30175
Josh Smoker,29651
Jake Smolinski,31558
Drew Smyly,31816
Cy Sneed,34966
Blake Snell,33748
Ian Snell,6072
Travis Snider,29189
Brandon Snyder,30124
Chris Snyder,6070
Eric Sogard,29732
Nick Solak,39904
Donovan Solano,29703
Yangervis Solarte,30898
Jorge Soler,32558
Ali Solis,32114
Sammy Solis,31041
Alfonso Soriano,3993
Joakim Soria,28688
Rafael Soriano,4600
Mike Soroka,34984
Edmundo Sosa,33809
Geovany Soto,6428
Gregory Soto,39804
Juan Soto,36969
Steven Souza,30632
Denard Span,29087
Cory Spangenberg,32169
Glenn Sparkman,36087
Ryan Spilborghs,6350
George Springer,32078
Jeffrey Springs,35397
Jacob Stallings,34089
Eric Stamets,32633
Craig Stammen,30361
Ryne Stanek,33301
Giancarlo Stanton,30583
Bubba Starling,32152
Brock Stassi,34891
Max Stassi,30429
Tim Stauffer,6207
Josh Staumont,
Drew Steckenrider,35867
Justin Steele,
Jackson Stephens,32736
Robert Stephenson,32134
Tyler Stephenson,34975
Andrew Stevenson,35043
Brock Stewart,35997
Chris Stewart,28577
Christin Stewart,35047
DJ Stewart,34942
Ian Stewart,28722
Kohl Stewart,33219
Josh Stinson,30614
Robert Stock,30577
Drew Storen,30534
Mickey Storey,32564
Trevor Story,32150
Bryson Stott,
Matt Strahm,34862
Dan Straily,32563
Stephen Strasburg,30373
Chris Stratton,32787
Myles Straw,39105
Huston Street,6175
Hunter Strickland,32589
Ross Stripling,32789
Marcus Stroman,32815
Pedro Strop,29763
Michael Stutes,30886
Drew Stubbs,29611
Garrett Stubbs,35760
Eric Stults,28591
Albert Suarez,31109
Andrew Suarez,35031
Eugenio Suarez,32367
Jose Suarez,40981
Ranger Suarez,39817
Jesus Sucre,31964
Wander Suero,34936
Cole Sulser,
Andrew Susac,32062
Brent Suter,36023
Ichiro Suzuki,4570
Kurt Suzuki,28802
Seiya Suzuki,
Dansby Swanson,34895
Erik Swanson,36013
Anthony Swarzak,30153
Darnell Sweeney,32908
Ryan Sweeney,28578
Blake Swihart,32123
R.J. Swindle,29177
Nick Swisher,5937
Noah Syndergaard,31730
Thomas Szapucki,40972
Matt Szczur,31337
Jose Tabata,29469
Jameson Taillon,31258
Hisanori Takahashi,30613
Mitch Talbot,28709
Masahiro Tanaka,33150
Raimel Tapia,33264
Stephen Tarpley,33737
Dillon Tate,34950
Yoshinori Tateyama,30983
Fernando Tatis Jr.,35983
Mike Tauchman,33956
Leody Taveras,34951
Oscar Taveras,31207
Andrew Taylor,30568
Beau Taylor,32676
Chris Taylor,32900
Josh Taylor,36173
Michael Taylor,32219
Tyrone Taylor,
Junichi Tazawa,30095
Taylor Teagarden,29191
Mark Teahen,6011
Julio Teheran,31091
Mark Teixeira,4937
Miguel Tejada,3727
Ruben Tejada,29661
Anderson Tejeda,37819
Blake Tekotte,30842
Tomas Telis,33065
Rowdy Tellez,34287
Ryan Tepera,32107
Nick Tepesch,32700
Curtis Terry,
Matt Thaiss,36176
Eric Thames,30709
Joe Thatcher,28836
Dale Thayer,29817
Ryan Theriot,6437
Caleb Thielbar,32440
Josh Thole,30188
Alek Thomas,41215
Justin Thomas,29244
Lane Thomas,36409
Jim Thome,2604
Jake Thompson,32832
Keegan Thompson,
Ryan Thompson,38628
Trayce Thompson,30743
Zach Thompson,
Matt Thornton,5650
Trent Thornton,36728
Tyler Thornburg,31887
Lewis Thorpe,33265
Chris Tillman,30285
Charlie Tilson,32866
Jesus Tinoco,39822
Carlos Tocci,33221
Andrew Toles,33222
Shawn Tolleson,31886
Steve Tolleson,29437
Yasmany Tomas,33662
Ka'ai Tom,37342
Josh Tomlin,30944
Kelby Tomlinson,33394
Spencer Torkelson,
Abraham Toro,40754
Alex Torres,31125
Andres Torres,5089
Carlos Torres,29347
Gleyber Torres,33804
Jose Torres,34847
Luis Torrens,33805
Ronald Torreyes,31200
Yorvit Torrealba,4568
Touki Toussaint,33790
Wilfredo Tovar,32190
Chad Tracy,5402
Taylor Trammell,37773
Devon Travis,32938
Sam Travis,33853
Blake Treinen,32185
Jose Trevino,35268
Andrew Triggs,33589
Carlos Triunfel,29503
Lou Trivino,35844
Chadwick Tromp,35358
Nicholas Tropeano,33170
Mike Trout,30836
Mark Trumbo,29322
Yoshitomo Tsutsugo,
Cole Tucker,33789
Kyle Tucker,34967
Preston Tucker,33066
Sam Tuivailala,33368
Troy Tulowitzki,28567
Spencer Turnbull,33732
Jacob Turner,30526
Justin Turner,29607
Trea Turner,33710
Koji Uehara,30130
Dan Uggla,6462
Melvin Upton,5970
Justin Upton,28841
Jose Urena,33107
Richard Urena,33788
Julio Urias,33223
Luis Urias,35383
Ramon Urias,
Juan Uribe,4657
Jose Urquidy,35759
Henry Urrutia,33090
Giovanny Urshela,32721
Chase Utley,5383
Pat Valaika,33364
Luis Valbuena,29246
Cesar Valdez,
Framber Valdez,36581
Jose Valdez,29468
Jordany Valdespin,30907
Phillips Valdez,
Raul Valdes,30889
Wilson Valdez,6089
Danny Valencia,29439
Breyvic Valera,33367
Jose Valverde,5504
Rick VandenHurk,28738
Josh VanMeter,33336
Scott Van Slyke,30714
Cesar Vargas,33877
Ildemaro Vargas,32985
Jason Vargas,6352
Kennys Vargas,33012
Daulton Varsho,40963
Anthony Varvaro,30386
Esmerling Vasquez,29996
Andrew Vaughn,
Christian Vazquez,31389
Javier Vazquez,3786
Vincent Velasquez,31878
Andrew Velazquez,35247
Hector Velazquez,36191
Will Venable,29224
Jonny Venters,30509
Yordano Ventura,31876
Jose Veras,28498
Alex Verdugo,33786
Drew VerHagen,33121
Justin Verlander,6341
Logan Verrett,33131
Alex Vesia,
Dayan Viciedo,30103
Shane Victorino,5409
Thyago Vieira,36048
Matt Vierling,41636
Brayan Villarreal,31131
Carlos Villanueva,28466
Christian Villanueva,31873
Jonathan Villar,31973
Meibrys Viloria,39810
Nick Vincent,31540
Josh Vitters,29978
Arodys Vizcaino,31087
Omar Vizquel,2149
Dan Vogelbach,32851
Ryan Vogelsong,4514
Stephen Vogt,31032
Luke Voit,35201
Edinson Volquez,6401
Chris Volstad,28874
Jason Vosler,
Austin Voth,35044
Joey Votto,28670
Michael Wacha,32640
Tsuyoshi Wada,32042
Cory Wade,29110
LaMonte Wade,37798
Tyler Wade,33878
Billy Wagner,3375
Jacob Waguespack,37726
Bobby Wahl,33207
Adam Wainwright,5403
Jordan Walden,29323
Marcus Walden,33171
Kyle Waldrop,31183
Christian Walker,32758
Neil Walker,29590
Taijuan Walker,31864
Brett Wallace,30174
Chad Wallach,33678
Forrest Wall,33726
Josh Wall,32039
Taylor Walls,40576
Colin Walsh,34296
Jared Walsh,35673
P.J. Walters,29701
Zach Walters,31199
Chien-Ming Wang,6209
Wei-Chung Wang,33117
Drew Ward,33744
Taylor Ward,34923
Adam Warren,31101
Art Warren,
Drew Waters,41076
Spenser Watkins,
Tony Watson,31513
Ryan Weathers,41178
Jered Weaver,6479
Luke Weaver,33770
Brandon Webb,5455
Daniel Webb,31733
Jacob Webb,40384
Logan Webb,41216
Ryan Webb,30032
Tyler Webb,33778
Ryan Weber,33563
Allen Webster,31119
Jemile Weeks,30035
Rickie Weeks,5652
Kyle Weiland,30521
Colton Welker,36464
Casper Wells,30069
Randy Wells,28943
Tyler Wells,
Vernon Wells,4166
J.B. Wendelken,34853
Joey Wendle,33017
Jayson Werth,4262
Jake Westbrook,4422
Ryan Wheeler,30758
Zack Wheeler,31267
Alex White,30446
Eli White,
Evan White,40326
Mitch White,
Tyler White,34968
Chase Whitley,31858
Forrest Whitley,40915
Garrett Whitlock,39674
Rowan Wick,34190
Taylor Widener,39905
Brad Wieck,36158
Joe Wieland,31856
Matt Wieters,29287
Ty Wigginton,5176
Tom Wilhelmsen,31517
Aaron Wilkerson,36001
Steve Wilkerson,35076
Devin Williams,
Dontrelle Willis,5470
Jerome Williams,5026
Josh Willingham,6024
Justin Williams,33862
Luke Williams,
Mason Williams,31848
Mac Williamson,32765
Nick Williams,33266
Taylor Williams,
Trevor Williams,33305
Alex Wilson,31557
Bobby Wilson,29115
Brian Wilson,6521
Bryse Wilson,40922
C.J. Wilson,6311
Justin Wilson,31026
Trey Wingenter,42218
Jesse Winker,32833
Dan Winkler,33425
Patrick Wisdom,32861
DeWayne Wise,4281
Matt Wisler,32802
Bobby Witt Jr.,42403
Nick Wittgren,33267
Asher Wojciechowski,31734
Randy Wolf,4087
Tony Wolters,31844
Kean Wong,
Kolten Wong,32061
Alex Wood,32620
Blake Wood,30392
Brandon Wood,28645
Jake Woodford,
Hunter Wood,36062
Kerry Wood,3821
Brandon Woodruff,37515
Tim Wood,30048
Travis Wood,30515
Brandon Workman,32973
Vance Worley,30943
Danny Worth,29067
David Wright,6035
Jamey Wright,3489
Kyle Wright,39652
Mike Wright,32291
Steven Wright,32587
Wesley Wright,28940
Austin Wynns,35314
Jimmy Yacabonis,36628
Shun Yamaguchi,
Jordan Yamamoto,39890
Ryan Yarbrough,33735
Mike Yastrzemski,33341
Kirby Yates,32623
Christian Yelich,31283
Juan Yepez,4895558
Gabriel Ynoa,33651
Huascar Ynoa,39679
Kevin Youkilis,5375
Alex Young,34972
Andy Young,
Chris Young,6073
Chris Young,6514
Delmon Young,6138
Eric Young Jr.,29759
Matt Young,30550
Michael Young,4566
Mark Zagunis,33887
Carlos Zambrano,4499
Seby Zavala,
Brad Ziegler,29147
Bradley Zimmer,33713
Bruce Zimmermann,41118
Jordan Zimmermann,30209
Kyle Zimmer,32689
Ryan Zimmerman,6389
Barry Zito,4233
Ben Zobrist,28536
Tyler Zuber,42596
Mike Zunino,32657
Tony Zych,32182
Last Player,
